{"cameraMode":{"drawMode":0,"name":"Shaded","section":"Shading Mode"},"sceneLighting":true,"audioPlay":false,"sceneViewState":{"m_AlwaysRefresh":false,"showFog":true,"showSkybox":true,"showFlares":true,"showImageEffects":true,"showParticleSystems":true,"showVisualEffectGraphs":true,"m_FxEnabled":true},"in2DMode":false,"pivot":{"x":9.653919219970704,"y":12.809690475463868,"z":61.17670822143555},"rotation":{"x":0.0013170228339731694,"y":0.9966812133789063,"z":-0.0675448551774025,"w":0.05907560512423515},"size":1.1741740703582764,"orthographic":false}