{"cameraMode":{"drawMode":0,"name":"Shaded","section":"Shading Mode"},"sceneLighting":true,"audioPlay":false,"sceneViewState":{"m_AlwaysRefresh":false,"showFog":true,"showSkybox":true,"showFlares":true,"showImageEffects":true,"showParticleSystems":true,"showVisualEffectGraphs":true,"m_FxEnabled":true},"in2DMode":false,"pivot":{"x":-2.9030377864837648,"y":1.8768513202667237,"z":-0.8914768099784851},"rotation":{"x":-0.00452231802046299,"y":0.9936696887016296,"z":-0.11825907975435257,"w":-0.016719769686460496},"size":0.8542554974555969,"orthographic":false}