{"cameraMode":{"drawMode":0,"name":"Shaded","section":"Shading Mode"},"sceneLighting":true,"audioPlay":false,"sceneViewState":{"m_AlwaysRefresh":false,"showFog":true,"showSkybox":true,"showFlares":true,"showImageEffects":true,"showParticleSystems":true,"showVisualEffectGraphs":true,"m_FxEnabled":true},"in2DMode":false,"pivot":{"x":-1.4405426979064942,"y":0.7910414934158325,"z":-14.026466369628907},"rotation":{"x":-0.0013710042694583536,"y":0.9987008571624756,"z":-0.060063473880290988,"w":0.025000210851430894},"size":0.951834499835968,"orthographic":false}